phase,start_time,end_time,duration
Phase 5: Monitoring & Tuning,1759769178.1617868,1759769178.567389,0.40560221672058105
Phase 1: Ideation & Design,1759769175.0466821,1759769175.547921,0.5012388229370117
Phase 2: Development,1759769175.548092,1759769176.753449,1.2053570747375488
Phase 3: Testing & Validation,1759769176.753563,1759769177.5560188,0.8024559020996094
Phase 4: Deployment & Release,1759769177.556164,1759769178.161591,0.6054270267486572
